"–ù—Ä–∞–≤–∏–ª—Å—è —Å–∏–ª—å–Ω–æ –ø–∞—Ä–µ–Ω—å, –ø–æ–∫–∞ –Ω–µ —É–∑–Ω–∞–ª–∞, —á—Ç–æ –æ–Ω —Ö–æ—á–µ—Ç 11 –¥–µ—Ç–µ–π."
"@bayevn @magrittelovers –° –∫–æ–Ω—ë–º –Ω–∞ –∫–æ–≤—Ä–µ"
"@Aikoshkin –î–∞ —Å–∫–æ—Ä–æ –≤—ã–ø—É—Å–∫–Ω–æ–π –∂–µ —É –ê–º–∏—Ä–∞. –ù–∞—á–∞–ª–æ—Å—å —Ç–∞–º —Ñ–æ—Ç–æ –≤–∏–¥–µ–æ, –ø–æ–¥–∞—Ä–∫–∏ :) –º–∞–º–∞—à–∫–∏ –µ—Å—Ç—å –Ω–µ–∞–¥–µ–∫–≤–∞—à–∫–∏ - —ç—Ç–æ –æ–Ω–∏ —Ç–∞–∫ –ø—Ä–æ –º–µ–Ω—è –ø–æ–¥—É–º–∞–ª–∏ :)"
"Snl host üòçüòçüòçüòçüòçüòç https://t.co/j80uogRPSF"
"–°—Ç–∏–ª—å–Ω—ã–π –∏ –Ω–µ–∂–Ω—ã–π #–≤–∏–±—Ä–∞—Ç–æ—Ä–∫—Ä–æ–ª–∏–∫ —Å –ø–µ—Ä–µ–∑–∞—Ä—è–∂–∞–µ–º—ã–º –∞–∫–∫—É–º—É–ª—è—Ç–æ—Ä–æ–º. –û–Ω –∏–º–µ–µ—Ç –Ω–µ —Ç–æ–ª—å–∫–æ –∏–Ω–Ω–æ–≤–∞—Ü–∏–æ–Ω–Ω—ã–π –∞—Å—Å–∏–º–µ—Ç—Ä–∏—á–Ω—ã–π –¥–∏‚Ä¶ https://t.co/uOSOhwOA44"
"–ú–Ω–µ –ø–æ–Ω—Ä–∞–≤–∏–ª–æ—Å—å –≤–∏–¥–µ–æ ""–°—Ç–∏—à–æ–∫ –£ –º–µ–Ω—è –ø—Ä–æ–ø–∞–ª–∞ –∫–æ—à–∫–∞"" (https://t.co/mZyaSBMzdC) –Ω–∞ @YouTube."
"Back to Moscow @ Almaty International Airport https://t.co/dN4oK2oYJg"
"–ú–Ω–µ –ø–æ–Ω—Ä–∞–≤–∏–ª–æ—Å—å –≤–∏–¥–µ–æ ""–õ—É—á—à–∏–µ –†—É—Å—Å–∫–∏–µ –ü—Ä–∏–∫–æ–ª—ã 2018 –ê–ø—Ä–µ–ª—å –°–∞–º—ã–µ –°–º–µ—à–Ω—ã–µ"
"–ü—Ä—è–º –ª–æ–∑—É–Ω–≥ @ –°–µ–º–µ–π–Ω–æ–µ –∫–∞—Ñ–µ & –∫–æ–Ω–¥–∏—Ç–µ—Ä—Å–∫–∞—è –ê–Ω–¥–µ—Ä–°–æ–Ω –≤ –ê–ª–º–∞—Ç—ã https://t.co/n0GNtybsgt"
"@Aikoshkin –ó–Ω–∞–∫–æ–º–æ, –Ω–æ —Å —Ç—Ä–µ—Ç—å–∏–º —Ä–µ–±–µ–Ω–∫–æ–º —Å—Ç–∞–Ω–æ–≤–∏—Ç—Å—è –ø—Ä–æ—â–µ. –ü—Ä–æ—Å—Ç–æ —Ä–µ–∞–ª—å–Ω–æ –∏–Ω–æ–≥–¥–∞ —Ä–∞—Å—Å–ª–∞–±–∏—Ç—å—Å—è —ç—Ç–æ –µ–¥–∏–Ω—Å—Ç–≤–µ–Ω–Ω—ã–π –≤—ã—Ö‚Ä¶ https://t.co/d5Xh3ZWW0M"
"–ú–Ω–µ –ø–æ–Ω—Ä–∞–≤–∏–ª–æ—Å—å –≤–∏–¥–µ–æ ""–°—Ñ–æ—Ç–∫–∞–ª–∞?"" (https://t.co/qRAGnMm1ZI) –Ω–∞ @YouTube."
"https://t.co/93WBl5oJdl https://t.co/f8aejL8Hij"
"–ú–Ω–µ –ø–æ–Ω—Ä–∞–≤–∏–ª–æ—Å—å –≤–∏–¥–µ–æ ""–ù–∞—Ä–∏—Å–æ–≤–∞–ª —É—á–∏—Ç–µ–ª—å–Ω–∏—Ü—É"" (https://t.co/2ruq4Rkqf7) –Ω–∞ @YouTube."
"@allelenyan –î–∞, –µ—â–µ –≥–æ–¥ —Ä–∞—Å—Ç–∏. –û–Ω –¥–∞–∂–µ –∑–∞ –º–µ—Å—è—Ü —É –Ω–∞—Å –≤—ã—Ä–æ—Å –∑–∞–º–µ—Ç–Ω–æ."
"RT @kodla_alacam: Robot tank √ßalƒ±≈ümamƒ±z
üáπüá∑üáπüá∑üáπüá∑@CoskunESEN57 @KodlaSam @sztrl @fatih_ozturkce @mehmetvergili https://t.co/wW1Jy1tAK7"
"@allelenyan –î–æ –∫–æ–Ω—á–∏–∫–∞ —Ö–≤–æ—Å—Ç–∞, –∫–æ–Ω–µ—á–Ω–æ. –û—Ç –Ω–æ—Å–∞ –¥–æ –∂–æ–ø—ã 70—Å–º."
"@allelenyan –ù—É, –æ—Ö—Ä–µ–Ω–µ–≤–∞—é. –ò–∑–º–µ—Ä–∏–ª–∏ - –æ—Ç –Ω–æ—Å–∞ –¥–æ —Ö–≤–æ—Å—Ç–∞ 110—Å–º."
"–ù–µ–Ω–∞–≤–∏–∂—É –≤–µ–ª–æ—Å–∏–ø–µ–¥–∏—Å—Ç–æ–≤, –ø–æ—Ç–æ–º—É —á—Ç–æ –∫–æ–≥–¥–∞ –∏–º –Ω–∞–¥–æ, —Ç–æ –æ–Ω–∏ –≤–µ–¥—É—Ç —Å–µ–±—è —Å–æ–≥–ª–∞—Å–Ω–æ –ü–î–î, –∞ –∫–æ–≥–¥–∞ –∏–º –Ω–µ—É–¥–æ–±–Ω–æ, —Ç–æ –æ–Ω–∏ –≤–¥—Ä—É‚Ä¶ https://t.co/Y0dozNTRNi"
"RT @Adam__emes: @yurydud —Ç—É—Ç –æ—Ç —Ç–≤–æ–µ–≥–æ –∏–º–µ–Ω–∏ –ª—é–¥–µ–π –Ω–∞–µ–±—ã–≤–∞—é—Ç (https://t.co/X5wK9sdlRQ) https://t.co/NEh0Ly5bnZ"
"–ö–æ–≥–¥–∞ —Ç—ã —Å–ª–∏—à–∫–æ–º –º–Ω–æ–≥–æ –¥—É–º–∞–µ—à—å. –ü—Ä–æ —Ä–µ–π–≤: ""–ö–∞–∫–æ–π-—Ç–æ —è –∑–∞–º–µ—Ç–∏–ª —Ç–∞–º –∫–æ—Å–ø–ª–µ–π –∫–æ–Ω—Ü–∞ –≤–æ—Å—å–º–∏–¥–µ—Å—è—Ç—ã—Ö. –í–æ–∑–º–æ–∂–Ω–æ, —ç—Ç–æ –æ—Ç—á–∞—è–Ω‚Ä¶ https://t.co/SGIV4JPvSz"
"–∑–∞–ø—Ä–µ—Ç–Ω–∞—è —Å–µ–∫—Ü–∏—è 
Coachella 
—Ö–æ—Ç—è –±—ã –æ–¥–∏–Ω —Ä–∞–∑, –Ω—É —Ä–∞–∑–æ—á–µ–∫, –º–æ–∂–Ω–æ –∂–µ —Ç—É–¥–∞ –ø–æ–ø–∞—Å—Ç—å üíîüò≠üíîüò≠
–Ω—É –ø–æ–∂–∞–ª—É–π—Å—Ç–∞, –±–æ–≥ –µ—Å–ª–∏ —Ç—ã –µ—Å‚Ä¶ https://t.co/aCUktnZM8K"
"@yurydud —Ç—É—Ç –æ—Ç —Ç–≤–æ–µ–≥–æ –∏–º–µ–Ω–∏ –ª—é–¥–µ–π –Ω–∞–µ–±—ã–≤–∞—é—Ç (https://t.co/X5wK9sdlRQ) https://t.co/NEh0Ly5bnZ"
"–° —É–¥–∏–≤–ª–µ–Ω–∏–µ–º –æ–±–Ω–∞—Ä—É–∂–∏–ª–∞, —á—Ç–æ –≤ —Ä–∞–º—Å—Ç–æ—Ä–µ –ø—Ä–æ–¥—É–∫—Ç—ã –¥–æ—Ä–æ–∂–µ, —á–µ–º –≤ —Å—Ç–æ–ª–∏—á–∫–µ"
"RT @kodla_alacam: Robot tank √ßalƒ±≈ümamƒ±z
üáπüá∑üáπüá∑üáπüá∑@CoskunESEN57 @KodlaSam @sztrl @fatih_ozturkce @mehmetvergili https://t.co/wW1Jy1tAK7"
"#LentaKTK - –í –ò—Ç–∞–ª–∏–∏ –º—É–∂—á–∏–Ω–∞ –∫—É–ø–∏–ª –¥–æ–º —Å —É–º–µ—Ä—à–∏–º –Ω–∞ –¥–∏–≤–∞–Ω–µ —Ö–æ–∑—è–∏–Ω–æ–º  https://t.co/3MBvRnEu1c https://t.co/QkE4iXS56W"
"@cherdantsev –í—Å–µ —Ä–∞–≤–Ω–æ —Å–∞–µ–±–∞–ª–æ –≤–æ –≤—Ä–µ–º—è –º–∞—Ç—á–∞"
"@sarcasm_land –æ–Ω–∏ –ø—ã—Ç–∞—é—Ç—Å—è —É–π—Ç–∏ –æ—Ç —Ç–æ–≥–æ, —á—Ç–æ–±—ã –ª—é–¥–∏ –∑–≤–æ–Ω–∏–ª–∏ –æ–ø–µ—Ä–∞—Ç–æ—Ä–∞–º. –ù–∞–ø–∏—à–∏—Ç–µ –≤ –ª—é–±—É—é —Å–æ—Ü.—Å–µ—Ç—å - —Ç–∞–∫ –±—É–¥–µ—Ç –Ω–∞–º–Ω–æ–≥–æ —ç—Ñ—Ñ–µ–∫—Ç–∏–≤–Ω–µ–π"
"This article is about exploring the concept of perspective and how it is vital to understand and respect different‚Ä¶ https://t.co/4U45EuT1UE"
"Edutechnovation https://t.co/BynO33S9xK"
"–µ—â—ë –≤–ø–µ—Ä–≤—ã–µ –ø–æ–∫—É–ø–∞–ª–∞ –±—É–∫–µ—Ç –¥–ª—è –∫–æ–≥–æ-—Ç–æ –Ω–µ –≤ —Å—Ç–∏–ª–µ –∑–∞—à–ª–∞-—Ç–∫–Ω—É–ª–∞ –≤ –≥–æ—Ç–æ–≤—ã–π –±—É–∫–µ—Ç-—Ä–∞—Å–ø–ª–∞—Ç–∏–ª–∞—Å—å, –∞ –ø—Ä—è–º –æ–±—ä—è—Å–Ω–∏–ª–∞ –∫–æ–º—É‚Ä¶ https://t.co/PB5x8b1l7l"
"–≤–ø–µ—Ä–≤—ã–µ –ø–æ–∑–∞–≤—Ç—Ä–∞–∫–∞–ª–∞ –≤–Ω–µ –¥–æ–º–∞ –Ω–µ –≤ —Å—Ç–æ–ª–æ–≤–æ–π, –∞ –≤ –∫–æ—Ñ–µ–π–Ω–µ. –Ω—É –∏ –∂–∏–∑–Ω—å —É –º–µ–Ω—è)"
"–æ–¥–Ω–æ –º–æ–≥—É —Ç–æ—á–Ω–æ —Å–∫–∞–∑–∞—Ç—å. –≤ —ç—Ç–æ–π –∂–∏–∑–Ω–∏ –º–Ω–µ –æ—á–µ–Ω—å –ø–æ–≤–µ–∑–ª–æ —Å –ª—é–¥—å–º–∏, –∫–æ—Ç–æ—Ä—ã–µ –æ–∫—Ä—É–∂–∞—é—Ç –º–µ–Ω—è. 
–∏ –Ω–∞–≤–µ—Ä–Ω–æ–µ, —è –Ω–µ —Ç–∞–∫–æ–π –ø–ª–æ—Ö–æ–π —á–µ–ª–æ–≤–µ–∫."
"–≤–æ—Å–∫—Ä–µ—Å–Ω–∞—è –¥–µ–ø—Ä–µ—Å—Å–∏—è –æ–Ω. –ª–µ–∂—É –∏ –ø–ª–∞—á—É"
"@allelenyan –ê —ç—Ç–æ –ø–æ—á–µ–º—É –æ–Ω –ö–æ—á–∞–Ω https://t.co/ASwCVxu2AV"
"—á—É–≤—Å—Ç–≤—É—é —Å–µ–±—è –¥–æ—Ñ–∏–≥–∞ –≤—ã—Å–æ–∫–æ–π –≤ –ê—Ç—ã—Ä–∞—É"
"Uyat emes https://t.co/SZiauXYKTq"
"Stats for the day have arrived. 1 new unfollower. Stats via https://t.co/yGCTNDRBnc."
"RT @TroyAthletics: Trojans Earn Second Consecutive Conference Series Sweep #OneTROY  https://t.co/A6XN386qYL"
"@Dana_princessA –•–æ—Ä–æ—à–æ. –ë—É–¥—É –∂–¥–∞—Ç—å"
"RT @the_dauke: @Alex_Shvarz –°—Ç–æ–ø, –ö–∞—Ä–∞–≥–∞–Ω–¥–∞ —ç—Ç–æ –∂–µ –ö–∞–∑–∞—Ö—Å—Ç–∞–Ω. –¢–∞–∫ –∑–Ω–∞—á–∏—Ç —Ç—ã –ø—Ä–µ–¥–∞–ª —Ä–æ–¥–∏–Ω—É? –ö–∞—Ä–∞–≥–∞–Ω–¥–∞ –∏ –ö–∞–ª–∏–Ω–∏–Ω–≥—Ä–∞–¥ —Ä–∞—Å–ø–æ–ª–æ–∂–µ–Ω—ã –≤ —Ä–∞–∑–Ω—ã—Ö —Å—Ç—Ä‚Ä¶"
"Second PPT for any form tutors. FREE on Tes, I made these for our tutors, easy to do click and go activities. Check‚Ä¶ https://t.co/zZifvjfESr"
"@pcosmodrome –ó–∞ —Ç–µ–±—è, —è —É—Å—Ç—Ä–æ–∏–ª –±—ã –∫—Ä–æ—Å—Å ‚ù§Ô∏è"
"@allelenyan :DDD"
"–Ø: - –î–µ–≤–æ—á–∫–∏, —è –∏–¥—É —Å–µ–≥–æ–¥–Ω—è —É–∂–∏–Ω–∞—Ç—å —Å –æ—Ç—Ü–æ–º. –ü–æ–∂–µ–ª–∞–π—Ç–µ —É–¥–∞—á–∏ü§ûüèª 
–í—Å–µ: - –û, –∫–ª–∞—Å—Å–Ω–æ, —É–¥–∞—á–∏. –í—Å—ë –±—É–¥–µ—Ç –æ—Ç–ª–∏—á–Ω–æ. 
–ë–∏–±–∞:‚Ä¶ https://t.co/s720WTLjc0"
"–ú–Ω–µ –ø–æ–Ω—Ä–∞–≤–∏–ª–æ—Å—å –≤–∏–¥–µ–æ ""–ö–ê–ö –ù–ê–†–í–ê–¢–¨–°–Ø –ù–ê –ü–†–û–ë–õ–ï–ú–´ - –ü–†–ê–ù–ö"" (https://t.co/R0wOayPmuF) –Ω–∞"
"–ê—Å—Ç–∞–Ω–∞, –∫–æ–º—É –∏–Ω—Ç–µ—Ä–µ—Å–Ω–æ –±—É–¥–µ—Ç? –ê —Ç–æ –º—ã —Ç–æ–ª—å–∫–æ –≤ –ê—Ç–µ –æ—Ä–≥–∞–Ω–∏–∑—É–µ–º. –ï—Å–ª–∏ –Ω–∞–±–µ—Ä–µ–º 7 —É—á–∞—Å—Ç–Ω–∏–∫–æ–≤, —Ç–æ –æ—Ä–≥–∞–Ω–∏–∑—É–µ–º –∏ –≤ –ê—Å—Ç–∞–Ω–µ!‚Ä¶ https://t.co/1LzppQFR7t"
"Calling all Form Tutors! Check out my FREE PPTs on Tes stuffed with easy to run activities for your form groups. 3‚Ä¶ https://t.co/xwF7lIMPLh"
"@discordapp  Got a java error when launch. Deleted. Can't re-install because of one more shitty error. Can't find a‚Ä¶ https://t.co/qfD9by3ype"
"–ö–∞–∫–∏–µ –ö—Ä–∞—Å–∏–≤—ã–µ –¥–µ–≤—É—à–∫–∏ –≤ –∫–∞–∂–¥–æ–º —É–≥–æ–ª–∫–µ –Ω–∞—à–µ–π —Å—Ç—Ä–∞–Ω—ã –∏ –≤—Å–µ–≥–æ –º–∏—Ä–∞ üòçüåç! –≠—Ç–æ –±—ã–ª —Å–ª–æ–∂–Ω—ã–π Smokey eyes‚Ä¶ https://t.co/fLrNcEKLCd"
"–ú–Ω–µ –ø–æ–Ω—Ä–∞–≤–∏–ª–æ—Å—å –≤–∏–¥–µ–æ ""–ù–µ—É–≤–∞–∂–µ–Ω–∏–µ –∫ –Ω–æ—à–µ–Ω–∏—é —Ö–∏–¥–∂–∞–±–∞|Story booth –Ω–∞"
"–ü–æ—à–ª–∞ –Ω–∞—Ö—É–π, –Ω–∏–∫—Ç–æ –Ω–µ —Å–æ–±–∏—Ä–∞–µ—Ç—Å—è –∑–∞ —Ç–æ–±–æ–π –±–µ–≥–∞—Ç—å"
"–ê–ª–º–∞—Ç—É–ª—è —Ç–∞–∫–∞—è –∑–µ–ª–µ–Ω–∞—è: —É –Ω–∞—Å –∏ –∞–≤—Ç–æ–±—É—Å—ã —Ç–µ–ø–µ—Ä—å –∑–µ–ª–µ–Ω—ã–µ –∏ –≤–µ–ª–∏–∫–∏ –∑–µ–ª–µ–Ω—ã–µ, –∏ –≥–æ—Ä–æ–¥ –ø–æ—Å–ª–µ –¥–æ–∂–¥–µ–π –æ—á–µ–Ω—å –∑–µ–ª–µ–Ω—ã–π üî•üçé‚ù§Ô∏è https://t.co/3AsGtgIA6P"
"@xassimo –∫–∞–∂–µ—Ç—Å—è –∫—Ä–æ–º–µ –∞–π–º—É–≤–∏ –Ω–∏—á–µ–≥–æ –Ω–µ—Ç –ª—É—á—à–µ, –≤–µ–∑–¥–µ —ç—Ç–∏ —Å—Ç–∏–∫–µ—Ä—ã –≤ —É–≥–ª—É –ø–æ—è–≤–ª—è—é—Ç—Å—è"
"@xassimo iMovie"
"https://t.co/ZlhTUSfK5Z"
"KS3 Plate Tectonics SOW added to Tes - check it out: https://t.co/fNhurmtfCK
#geography #geographyteacher https://t.co/HMpwaGH3Ki"
"–ú–Ω–µ –ø–æ–Ω—Ä–∞–≤–∏–ª–æ—Å—å –≤–∏–¥–µ–æ ""–ú–µ–Ω—è –∏–∑–Ω–∞—Å–∏–ª–æ–≤–∞–ª–∏ –≤ 9 –ª–µ—Ç||–†—É—Å—Å–∫–∞—è –û–∑–≤—É—á–∫–∞"""
"¬´–ñ–∏–≤–æ–π –∫–∞–∫ –∂–∏–∑–Ω—å¬ª- –ª—É—á—à–µ–µ, —á—Ç–æ —è  —á–∏—Ç–∞–ª–∞ –ø—Ä–æ –º–æ–π –ª—é–±–∏–º—ã–π —Ä—É—Å—Å–∫–∏–π —è–∑—ã–∫. –û—Ç –Ω–µ–∫—Ä–∞—Å–æ–≤—Å–∫–æ–π –†—É—Å–∏ –¥–æ 20 —Å—Ç–æ–ª–µ—Ç–∏—è, –ø—Ä–∏–º–µ—Ä—ã‚Ä¶ https://t.co/Y0O3JBipz0"
"https://t.co/cqOzNot0tz"
"Check out #Ornament #icon designed by Rauan on the @NounProject. https://t.co/BbSLA5zX65
#decoration #kazakh‚Ä¶ https://t.co/TKu4ldUOdF"
"@Dana_princessA –ú–æ–∂–Ω–æ —Ä–∞–∑–º–µ—Ä –∏ —Ü–µ–Ω—É. –í –ª—Å –º–æ–∂–Ω–æ"
"–≠—Ç–∏ –∫—Å—Ç–∞—Ç–∏ –æ—Ç–º–µ—á–∞—é—Ç? –ö–æ—Ç–æ—Ä—ã–µ –±–æ–π–∫–æ—Ç–∏—Ä—É—é—Ç 14 —Ñ–µ–≤—Ä–∞–ª—è - –±—ñ–∑–¥—ñ“£ –º–µ–π—Ä–∞–º –µ–º–µ—Å? https://t.co/Y0MQyvdfKX"
"–¢–µ–ø–µ—Ä—å –ø–æ–Ω–∏–º–∞—é –ø—Ä–∏–∫–æ–ª ""—É –∂–∏–≤–æ—Ç–Ω–æ–≥–æ –∏–∑ –ø–∏—Ç–æ–º–Ω–∏–∫–∞ 3 –∏–º–µ–Ω–∏: –¥–∞–Ω–Ω–æ–µ –≤ –ø–∏—Ç–æ–º–Ω–∏–∫–µ, –¥–∞–Ω–Ω–æ–µ —Ö–æ–∑—è–∏–Ω–æ–º, –∏ —Ç–æ, –∫–æ—Ç–æ—Ä—ã–º –µ–≥–æ –≤ –∏‚Ä¶ https://t.co/Iem3YuUmA5"
"#–º–∞–∫—Ä–æ
#macro
#oneplus3t @ Almaty Botanic Garden https://t.co/Hx3jsaNjPB"
"RT @mr_Blackovich: –ò–Ω—Ç–µ—Ä–µ—Å–Ω—ã–π —Ç–≤–∏—Ç —Ä–µ–ø–æ—Ä—Ç–∞–∂ https://t.co/4tHPv7lxIx"
"–º–∞—Ç—É—à–∫–∞ –≤–µ—Ç—Ä–æ–≤–æ—Å–∫ –ª–∞–≤–∏—Ä–æ–≤–∞–ª–∞ –≤ –ª—é–¥—Å–∫–æ–º —Å—Ç–æ–ª–ø–æ—Ç–≤–æ—Ä–µ–Ω–∏–∏, –±–µ–∑–æ—à–∏–±–æ—á–Ω–æ –¥–µ—Ä–∂–∞ –∫—É—Ä—Å –Ω–∞ —Ö—Ä–∏–ø–ª—ã–π –≥–æ–ª–æ—Å, –æ–±—Å—Ç–æ—è—Ç–µ–ª—å–Ω–æ —Ä–∞–∑—ä—è—Å‚Ä¶ https://t.co/gEYQf9DTYX"
"RT @yernur666: –≠—Ç–æ —Ä–∞–±–æ—Ç–∞ –±–æ–≥–∞ —Ä–µ–∫–ª–∞–º—ã https://t.co/SPdbixy1Vi"
"RT @Forbes_kz: –°—Ç—É–¥–µ–Ω—Ç—ã —Ä–∞–∑—Ä–∞–±–æ—Ç–∞–ª–∏ –∫–æ–º–ø—å—é—Ç–µ—Ä–Ω—É—é –∏–≥—Ä—É ¬´–¢–æ–≥—ã–∑ –∫—É–º–∞–ª–∞–∫ 3D¬ª https://t.co/duWdCWrPmb"
"–í–µ–Ω–≥—Ä–∏—è–¥–∞ –º—ã“£–¥–∞“ì–∞–Ω –∞–¥–∞–º —Å–∞–π–ª–∞—É –Ω”ô—Ç–∏–∂–µ—Å—ñ–Ω–µ –Ω–∞—Ä–∞–∑—ã https://t.co/7jLOpOi8Is"
"#–ú–∞–∫—Ä–æ
#macro @ –ì–ª–∞–≤–Ω—ã–π –ë–æ—Ç–∞–Ω–∏—á–µ—Å–∫–∏–π –°–∞–¥ https://t.co/9CcAHvxxYP"
"@lina_state @pablo__noche —Ñ–∏–Ω–∏—à-–∞–ø)"
"@xassimo –ï–¥–∏–Ω—Å—Ç–≤–µ–Ω–Ω–æ–µ —á—Ç–æ –º–æ–∂–Ω–æ —Å–º–æ—Ç—Ä–µ—Ç—å –Ω–µ –æ—Å–æ–∑–Ω–∞–≤–∞—è –ø—Ä–æ—Ü–µ—Å—Å –∑–∞–≤–∏—Å–∏–º–æ—Å—Ç–∏"
"–ª—é–±–ª—é —Å–º–æ—Ç—Ä–µ—Ç—å —Å—Ç–æ—Ä–∏—Å —É—Å–ø–µ—à–Ω—ã—Ö –ª—é–¥–µ–π, —Ä–µ–∞–ª—å–Ω–æ –º–æ—Ç–∏–≤–∏—Ä—É–µ—Ç. –≤–Ω—É—Ç—Ä–∏ –Ω–∞—á–∏–Ω–∞–µ—Ç –≤—Å–µ –≥–æ—Ä–µ—Ç—å –∏ –æ—Ö–æ—Ç–æ —Ä–≤–∞—Ç—å –∂–æ–ø—É, –Ω–æ –¥–æ–±–∏—Ç—å—Å‚Ä¶ https://t.co/pHXLxm1sdy"
"–¢–æ–∂–µ —Ç–∞–∫–∏–µ –º—ã—Å–ª–∏. https://t.co/ymEwMX5xGi"
"RT @Geog_HA: Just uploaded another FULL SOW to Tes, this is a full half term GCSE/IGCSE set of lessons for Plate Tectonics. lots of cool st‚Ä¶"
"–ò –≤—Å–µ —ç—Ç–∏ –ø—Ä–∏—è—Ç–Ω—ã–µ –º–æ–º–µ–Ω—Ç—ã –¥–∞—Ä—è—Ç –Ω–∞–º –æ–±–º–∞–Ω"
"–ú–Ω–µ –ø–æ–Ω—Ä–∞–≤–∏–ª–æ—Å—å –≤–∏–¥–µ–æ ""–Ø –Ω–µ —Ö–æ—á—É –±–æ–ª—å—à–µ —Ä–µ–∑–∞—Ç—å —Å–µ–±—è (Story booth –Ω–∞"
"–£–µ—Ö–∞–ª–∞ –º–∞–º–∞-–Ω–∞ –¥—É—à–µ —Ç–∞–∫ –ø—É—Å—Ç–æ,—Å–µ—Ä–¥—Ü–µ –±—É–¥—Ç–æ –≤ –æ—Å–∫–æ–ª–∫–∏.–•–æ—á—É,—á—Ç–æ–±—ã —Å–µ–º—å—è –∂–∏–ª–∞ –∑–¥–µ—Å—å,–≤ —ç—Ç–æ–º –≥–æ—Ä–æ–¥–µ,–∫–æ—Ç–æ—Ä—ã–π –∏–º —Ç–∞–∫ –Ω—Ä–∞–≤–∏—Ç—Å—è."
"Robot tank √ßalƒ±≈ümamƒ±z
üáπüá∑üáπüá∑üáπüá∑@CoskunESEN57 @KodlaSam @sztrl @fatih_ozturkce @mehmetvergili https://t.co/wW1Jy1tAK7"
"RT @razbityi: —Å–∞–º–æ–µ –∏–Ω—Ç–µ—Ä–µ—Å–Ω–æ–µ –≤ –æ—Ç–Ω–æ—à–µ–Ω–∏—è—Ö ‚Äî —ç—Ç–æ –¥–æ–±–∏—Ç—å—Å—è —á–µ–ª–æ–≤–µ–∫–∞, –∞ –¥–∞–ª—å—à–µ —Å–∫—É—á–Ω–æ."
"–î–∞–≥–µ—Å—Ç–∞–Ω—Å–∫–∏–π –ø–∞—Å—Ç—É—Ö —Å—Ç–∞–ª –∑–≤–µ–∑–¥–æ–π Instagram https://t.co/FnvbtGmHs7 https://t.co/tE7sHqoAdS"
"–ú–Ω–µ –ø–æ–Ω—Ä–∞–≤–∏–ª–æ—Å—å –≤–∏–¥–µ–æ ""–ö–∞–∫ –∫—Ä–∞—Å–∏–≤–æ –±—Ä–æ—Å–∏–ª–∞ –±—É–∫–µ—Ç"" (https://t.co/2Lyyyu5q12) –Ω–∞ @YouTube."
"RT @AuburnFootball: BINGO! @CoachGusMalzahn‚Äôs Hurry Up, No Huddle BINGO was popular once again with our friends at Oak Park for #TigersGive‚Ä¶"
"–í–µ—Å–Ω–æ–π –≤–æ –º–Ω–µ –ø—Ä–æ—Å—ã–ø–∞–µ—Ç—Å—è –∫–æ–∑–∞, –∫–æ—Ç–æ—Ä–∞—è —Ö–æ—á–µ—Ç –±–µ–∑ –æ—Å—Ç–∞–Ω–æ–≤–∫–∏ –µ—Å—Ç—å –≤—Å—é —ç—Ç—É —Å–≤–µ–∂—É—é –∑–µ–ª–µ–Ω—å, –º–æ–ª–æ–¥—É—é –∫–∞–ø—É—Å—Ç—É, —á–µ—Å–Ω–æ–∫, –¥–µ‚Ä¶ https://t.co/rXbxpr5aos"
"RT @AuburnBaseball: .@caseymize04's stat line during March. ‚¨áÔ∏è

5 GS, 4-0, 1.75 ERA, 36.0 IP, 1 BB, 54 K, .133 BAA and 1 no-hitter

Yep, th‚Ä¶"
"–ú–Ω–µ –ø–æ–Ω—Ä–∞–≤–∏–ª–æ—Å—å –≤–∏–¥–µ–æ ""–†–∞—Å–∏—Å—Ç—ã –≤ —à–∫–æ–ª–µ // storybooth –Ω–∞ —Ä—É—Å—Å–∫–æ–º"" (https://t.co/65A9oxeyMW)"
"–ú–Ω–µ –ø–æ–Ω—Ä–∞–≤–∏–ª–æ—Å—å –≤–∏–¥–µ–æ ""–ò–Ω—Ü–∏–¥–µ–Ω—Ç —Å —Å–Ω–µ–∂–Ω—ã–º –ø–æ—Ä–æ—à–∫–æ–º // story booth –Ω–∞ —Ä—É—Å—Å–∫–æ–º"""
"https://t.co/Y1NFpGdIe0"
"Your private life may be more on display today than you prefer... More for Cancer https://t.co/XuUpCg5jZ1"
"–í—á–µ—Ä–∞—à–Ω–∏–π –¥–µ–Ω—å ‚Äî —Å—á–∞—Å—Ç—å–µ –≤ —Å–∞–º–æ–º –æ—Ä–≥–∞–Ω–∏—á–µ—Å–∫–æ–º –≤–∏–¥–µ."
"–ë“Ø–≥—ñ–Ω “ì–∞—à—ã“õ—Ç–∞—Ä –¥–µ–π –º–µ?..
2005 –∂—ã–ª—ã –ù“±—Ä–≥“Ø–ª –¥–µ–≥–µ–Ω –≥—Ä—É–ø–ø–∞–ª–∞—Å “õ—ã–∑“ì–∞ “ì–∞—à—ã“õ –±–æ–ª–¥—ã–º. –ë—ñ—Ä–≥–µ –æ“õ–∏–º—ã–∑. –ë—ñ—Ä –∂–∞—Ç–∞“õ—Ö–∞–Ω–∞–¥–∞ —Ç“±—Ä–∞–º—ã–∑‚Ä¶ https://t.co/E88UJ80Tlt"
"@altx1111956 @nstarikov @1956ander –ê —Å–µ–π—á–∞—Å –Ω–µ—Ç —Ä—É—Å—Å–∫–∏—Ö. –ê –µ—Å—Ç—å –±—ã–¥–ª–æ-–±–æ—Ä—â–∏"
"Not found."
"–°—Ç–æ–ø –∏–≥—Ä–∞ !"
"https://t.co/pQtHn44gzl"
"@pihirananissa Miyavi & KenKen - Flashback

–ê –∞–Ω–∏–º–µ –Ω–∞ —Ä—É—Å—Å–∫–æ–º –Ω–∞–∑—ã–≤–∞–µ—Ç—Å—è ""–ú–∏–≥ –∑–∞ –º–∏–≥–æ–º"". –ù–æ–≤–æ–µ, –≤—ã—Ö–æ–¥–∏–ª–æ –≤–æ—Ç –≤ –∑–∏–º‚Ä¶ https://t.co/3Z6BOxR9wo"
"–ú–Ω–µ –ø–æ–Ω—Ä–∞–≤–∏–ª–æ—Å—å –≤–∏–¥–µ–æ ""–ë–æ—è–∑–Ω—å —Å–∞–º–æ–ª—ë—Ç–∞ // storybooth –Ω–∞ —Ä—É—Å—Å–∫–æ–º"" (https://t.co/9RkDExseHT)"
"–Ø –±—É–¥—É —Ç–∞–º –≤ —ç—Ç–æ –≤—Ä–µ–º—è –∏–Ω—à https://t.co/dbm0e44crT"
"–ú–Ω–µ –ø–æ–Ω—Ä–∞–≤–∏–ª–æ—Å—å –≤–∏–¥–µ–æ ""–ê–π–¥–∞—Ä–±–µ–∫ –†—ã—Å–±–µ–∫ & –°–∏–≤–∏ –ú–∞—Ö–º—É–¥–∏ - –ú–∞—Ö–∞–±–±–∞—Ç –¥–∏–∞–ª–æ–≥—ã"""
"–ú–Ω–µ –ø–æ–Ω—Ä–∞–≤–∏–ª–æ—Å—å –≤–∏–¥–µ–æ ""–Ø –ø–æ–ø–∞–ª–∞ –ø–æ–¥ —Ç–æ—Ä–Ω–∞–¥–æ üå™// story booth –Ω–∞ —Ä—É—Å—Å–∫–æ–º"""
